entity,security_code,metric,fiscal_year,period_start,period_end,value,unit,currency,scope,status,source_id,locator
エコム,6225,revenue,2024,2023-08-01,2024-07-31,2465700,千円,JPY,単体,実績,S1,"TextBlock fact 904, table 0, row 2, column 1"
エコム,6225,revenue,2025,2024-08-01,2025-07-31,2639951,千円,JPY,単体,実績,S1,"TextBlock fact 904, table 0, row 2, column 2"
エコム,6225,cost_of_sales,2024,2023-08-01,2024-07-31,1695803,千円,JPY,単体,実績,S1,"TextBlock fact 904, table 0, row 5, column 1"
エコム,6225,cost_of_sales,2025,2024-08-01,2025-07-31,1747266,千円,JPY,単体,実績,S1,"TextBlock fact 904, table 0, row 5, column 2"
エコム,6225,gross_profit,2024,2023-08-01,2024-07-31,769897,千円,JPY,単体,実績,S1,"TextBlock fact 904, table 0, row 6, column 1"
エコム,6225,gross_profit,2025,2024-08-01,2025-07-31,892685,千円,JPY,単体,実績,S1,"TextBlock fact 904, table 0, row 6, column 2"
エコム,6225,sga,2024,2023-08-01,2024-07-31,458466,千円,JPY,単体,実績,S1,"TextBlock fact 904, table 0, row 13, column 1"
エコム,6225,sga,2025,2024-08-01,2025-07-31,518636,千円,JPY,単体,実績,S1,"TextBlock fact 904, table 0, row 13, column 2"
エコム,6225,operating_profit,2024,2023-08-01,2024-07-31,311431,千円,JPY,単体,実績,S1,"TextBlock fact 904, table 0, row 14, column 1"
エコム,6225,operating_profit,2025,2024-08-01,2025-07-31,374049,千円,JPY,単体,実績,S1,"TextBlock fact 904, table 0, row 14, column 2"
エコム,6225,ordinary_profit,2024,2023-08-01,2024-07-31,303849,千円,JPY,単体,実績,S1,"TextBlock fact 904, table 0, row 29, column 1"
エコム,6225,ordinary_profit,2025,2024-08-01,2025-07-31,376151,千円,JPY,単体,実績,S1,"TextBlock fact 904, table 0, row 29, column 2"
エコム,6225,pretax_profit,2024,2023-08-01,2024-07-31,308560,千円,JPY,単体,実績,S1,"TextBlock fact 904, table 0, row 37, column 1"
エコム,6225,pretax_profit,2025,2024-08-01,2025-07-31,382973,千円,JPY,単体,実績,S1,"TextBlock fact 904, table 0, row 37, column 2"
エコム,6225,net_profit,2024,2023-08-01,2024-07-31,210939,千円,JPY,単体,実績,S1,"TextBlock fact 904, table 0, row 41, column 1"
エコム,6225,net_profit,2025,2024-08-01,2025-07-31,262574,千円,JPY,単体,実績,S1,"TextBlock fact 904, table 0, row 41, column 2"
エコム,6225,operating_cash_flow,2024,2023-08-01,2024-07-31,-198350,千円,JPY,単体,実績,S1,"TextBlock fact 907, table 0, row 30, column 1"
エコム,6225,operating_cash_flow,2025,2024-08-01,2025-07-31,554301,千円,JPY,単体,実績,S1,"TextBlock fact 907, table 0, row 30, column 2"
エコム,6225,investing_cash_flow,2024,2023-08-01,2024-07-31,-49970,千円,JPY,単体,実績,S1,"TextBlock fact 907, table 0, row 39, column 1"
エコム,6225,investing_cash_flow,2025,2024-08-01,2025-07-31,-58437,千円,JPY,単体,実績,S1,"TextBlock fact 907, table 0, row 39, column 2"
エコム,6225,financing_cash_flow,2024,2023-08-01,2024-07-31,-88393,千円,JPY,単体,実績,S1,"TextBlock fact 907, table 0, row 43, column 1"
エコム,6225,financing_cash_flow,2025,2024-08-01,2025-07-31,-243958,千円,JPY,単体,実績,S1,"TextBlock fact 907, table 0, row 43, column 2"
エコム,6225,ppe_cash_outflow,2024,2023-08-01,2024-07-31,-1865,千円,JPY,単体,実績,S1,"TextBlock fact 907, table 0, row 34, column 1"
エコム,6225,ppe_cash_outflow,2025,2024-08-01,2025-07-31,-974,千円,JPY,単体,実績,S1,"TextBlock fact 907, table 0, row 34, column 2"
エコム,6225,cash_open,2024,2023-08-01,2024-07-31,1783128,千円,JPY,単体,実績,S1,"TextBlock fact 907, table 0, row 46, column 1"
エコム,6225,cash_open,2025,2024-08-01,2025-07-31,1446413,千円,JPY,単体,実績,S1,"TextBlock fact 907, table 0, row 46, column 2"
エコム,6225,cash_close,2024,2023-08-01,2024-07-31,1446413,千円,JPY,単体,実績,S1,"TextBlock fact 907, table 0, row 47, column 1"
エコム,6225,cash_close,2025,2024-08-01,2025-07-31,1698318,千円,JPY,単体,実績,S1,"TextBlock fact 907, table 0, row 47, column 2"
エコム,6225,revenue,2026,2025-08-01,2026-07-31,2664030,千円,JPY,単体,実績,S2,PDF p.8 / 売上高
エコム,6225,cost_of_sales,2026,2025-08-01,2026-07-31,1632994,千円,JPY,単体,実績,S2,PDF p.8 / 売上原価合計
エコム,6225,gross_profit,2026,2025-08-01,2026-07-31,1031035,千円,JPY,単体,実績,S2,PDF p.8 / 売上総利益
エコム,6225,sga,2026,2025-08-01,2026-07-31,506466,千円,JPY,単体,実績,S2,PDF p.8 / 販売費及び一般管理費合計
エコム,6225,operating_profit,2026,2025-08-01,2026-07-31,524568,千円,JPY,単体,実績,S2,PDF p.8 / 営業利益
エコム,6225,ordinary_profit,2026,2025-08-01,2026-07-31,530306,千円,JPY,単体,実績,S2,PDF p.8 / 経常利益
エコム,6225,pretax_profit,2026,2025-08-01,2026-07-31,535869,千円,JPY,単体,実績,S2,PDF p.8 / 税引前当期純利益
エコム,6225,net_profit,2026,2025-08-01,2026-07-31,353821,千円,JPY,単体,実績,S2,PDF p.8 / 当期純利益
エコム,6225,operating_cash_flow,2026,2025-08-01,2026-07-31,173021,千円,JPY,単体,実績,S2,PDF p.11 / 営業活動によるキャッシュ・フロー
エコム,6225,investing_cash_flow,2026,2025-08-01,2026-07-31,-202743,千円,JPY,単体,実績,S2,PDF p.11 / 投資活動によるキャッシュ・フロー
エコム,6225,financing_cash_flow,2026,2025-08-01,2026-07-31,-45392,千円,JPY,単体,実績,S2,PDF p.11 / 財務活動によるキャッシュ・フロー
エコム,6225,ppe_cash_outflow,2026,2025-08-01,2026-07-31,-100206,千円,JPY,単体,実績,S2,PDF p.11 / 有形固定資産の取得による支出
エコム,6225,cash_open,2026,2025-08-01,2026-07-31,1698318,千円,JPY,単体,実績,S2,PDF p.11 / 現金及び現金同等物の期首残高
エコム,6225,cash_close,2026,2025-08-01,2026-07-31,1623204,千円,JPY,単体,実績,S2,PDF p.11 / 現金及び現金同等物の期末残高
エコム,6225,cash_deposits,2025,2024-08-01,2025-07-31,1733179,千円,JPY,単体,実績,S2,PDF p.6 / 現金及び預金
エコム,6225,cash_deposits,2026,2025-08-01,2026-07-31,1658135,千円,JPY,単体,実績,S2,PDF p.6 / 現金及び預金
エコム,6225,assets,2025,2024-08-01,2025-07-31,4050186,千円,JPY,単体,実績,S2,PDF p.6 / 資産合計
エコム,6225,assets,2026,2025-08-01,2026-07-31,4167143,千円,JPY,単体,実績,S2,PDF p.6 / 資産合計
エコム,6225,current_assets,2025,2024-08-01,2025-07-31,2780326,千円,JPY,単体,実績,S2,PDF p.6 / 流動資産合計
エコム,6225,current_assets,2026,2025-08-01,2026-07-31,2800774,千円,JPY,単体,実績,S2,PDF p.6 / 流動資産合計
エコム,6225,wip,2025,2024-08-01,2025-07-31,57357,千円,JPY,単体,実績,S2,PDF p.6 / 仕掛品
エコム,6225,wip,2026,2025-08-01,2026-07-31,181649,千円,JPY,単体,実績,S2,PDF p.6 / 仕掛品
エコム,6225,materials,2025,2024-08-01,2025-07-31,55487,千円,JPY,単体,実績,S2,PDF p.6 / 原材料
エコム,6225,materials,2026,2025-08-01,2026-07-31,63964,千円,JPY,単体,実績,S2,PDF p.6 / 原材料
エコム,6225,trade_receivable_bills,2025,2024-08-01,2025-07-31,154581,千円,JPY,単体,実績,S2,PDF p.6 / 受取手形
エコム,6225,trade_receivable_bills,2026,2025-08-01,2026-07-31,63370,千円,JPY,単体,実績,S2,PDF p.6 / 受取手形
エコム,6225,trade_receivable_accounts,2025,2024-08-01,2025-07-31,766531,千円,JPY,単体,実績,S2,PDF p.6 / 売掛金
エコム,6225,trade_receivable_accounts,2026,2025-08-01,2026-07-31,763183,千円,JPY,単体,実績,S2,PDF p.6 / 売掛金
エコム,6225,trade_payable_bills,2025,2024-08-01,2025-07-31,238872,千円,JPY,単体,実績,S2,PDF p.7 / 支払手形
エコム,6225,trade_payable_bills,2026,2025-08-01,2026-07-31,0,千円,JPY,単体,実績,S2,PDF p.7 / 支払手形
エコム,6225,trade_payable_accounts,2025,2024-08-01,2025-07-31,109423,千円,JPY,単体,実績,S2,PDF p.7 / 買掛金
エコム,6225,trade_payable_accounts,2026,2025-08-01,2026-07-31,131210,千円,JPY,単体,実績,S2,PDF p.7 / 買掛金
エコム,6225,liabilities,2025,2024-08-01,2025-07-31,771042,千円,JPY,単体,実績,S2,PDF p.7 / 負債合計
エコム,6225,liabilities,2026,2025-08-01,2026-07-31,579577,千円,JPY,単体,実績,S2,PDF p.7 / 負債合計
エコム,6225,equity,2025,2024-08-01,2025-07-31,3279144,千円,JPY,単体,実績,S2,PDF p.7 / 純資産合計
エコム,6225,equity,2026,2025-08-01,2026-07-31,3587565,千円,JPY,単体,実績,S2,PDF p.7 / 純資産合計
エコム,6225,current_liabilities,2025,2024-08-01,2025-07-31,548682,千円,JPY,単体,実績,S2,PDF p.7 / 流動負債合計
エコム,6225,current_liabilities,2026,2025-08-01,2026-07-31,343325,千円,JPY,単体,実績,S2,PDF p.7 / 流動負債合計
エコム,6225,depreciation,2025,2024-08-01,2025-07-31,64358,千円,JPY,単体,実績,S2,PDF p.11 / 減価償却費
エコム,6225,depreciation,2026,2025-08-01,2026-07-31,60004,千円,JPY,単体,実績,S2,PDF p.11 / 減価償却費
エコム,6225,goodwill_amortisation,2025,2024-08-01,2025-07-31,5000,千円,JPY,単体,実績,S2,PDF p.11 / のれん償却額
エコム,6225,goodwill_amortisation,2026,2025-08-01,2026-07-31,5000,千円,JPY,単体,実績,S2,PDF p.11 / のれん償却額
エコム,6225,receivables_cash_change,2025,2024-08-01,2025-07-31,41060,千円,JPY,単体,実績,S2,PDF p.11 / 売上債権の増減額（△は増加）
エコム,6225,receivables_cash_change,2026,2025-08-01,2026-07-31,94193,千円,JPY,単体,実績,S2,PDF p.11 / 売上債権の増減額（△は増加）
エコム,6225,inventory_cash_change,2025,2024-08-01,2025-07-31,188762,千円,JPY,単体,実績,S2,PDF p.11 / 棚卸資産の増減額（△は増加）
エコム,6225,inventory_cash_change,2026,2025-08-01,2026-07-31,-132769,千円,JPY,単体,実績,S2,PDF p.11 / 棚卸資産の増減額（△は増加）
エコム,6225,payables_cash_change,2025,2024-08-01,2025-07-31,-65679,千円,JPY,単体,実績,S2,PDF p.11 / 仕入債務の増減額（△は減少）
エコム,6225,payables_cash_change,2026,2025-08-01,2026-07-31,-217086,千円,JPY,単体,実績,S2,PDF p.11 / 仕入債務の増減額（△は減少）
エコム,6225,income_tax_paid,2025,2024-08-01,2025-07-31,-88223,千円,JPY,単体,実績,S2,PDF p.11 / 法人税等の支払額
エコム,6225,income_tax_paid,2026,2025-08-01,2026-07-31,-156998,千円,JPY,単体,実績,S2,PDF p.11 / 法人税等の支払額
エコム,6225,industrial_revenue,2025,2024-08-01,2025-07-31,1612764,千円,JPY,単体,実績,S2,PDF p.13 / セグメント情報
エコム,6225,maintenance_revenue,2025,2024-08-01,2025-07-31,1027187,千円,JPY,単体,実績,S2,PDF p.13 / セグメント情報
エコム,6225,industrial_profit,2025,2024-08-01,2025-07-31,288193,千円,JPY,単体,実績,S2,PDF p.13 / セグメント情報
エコム,6225,maintenance_profit,2025,2024-08-01,2025-07-31,259496,千円,JPY,単体,実績,S2,PDF p.13 / セグメント情報
エコム,6225,segment_adjustment,2025,2024-08-01,2025-07-31,-173639,千円,JPY,単体,実績,S2,PDF p.13 / セグメント情報
エコム,6225,industrial_revenue,2026,2025-08-01,2026-07-31,1605822,千円,JPY,単体,実績,S2,PDF p.13 / セグメント情報
エコム,6225,maintenance_revenue,2026,2025-08-01,2026-07-31,1058207,千円,JPY,単体,実績,S2,PDF p.13 / セグメント情報
エコム,6225,industrial_profit,2026,2025-08-01,2026-07-31,416393,千円,JPY,単体,実績,S2,PDF p.13 / セグメント情報
エコム,6225,maintenance_profit,2026,2025-08-01,2026-07-31,280755,千円,JPY,単体,実績,S2,PDF p.13 / セグメント情報
エコム,6225,segment_adjustment,2026,2025-08-01,2026-07-31,-172580,千円,JPY,単体,実績,S2,PDF p.13 / セグメント情報
エコム,6225,industrial_orders,2023,2022-08-01,2023-07-31,1489,百万円,JPY,単体,実績,S3,PDF p.27（スライド26）/ 図を目視照合
エコム,6225,industrial_backlog,2023,2022-08-01,2023-07-31,1447,百万円,JPY,単体,実績,S3,PDF p.27（スライド26）/ 図を目視照合
エコム,6225,maintenance_orders,2023,2022-08-01,2023-07-31,657,百万円,JPY,単体,実績,S3,PDF p.27（スライド26）/ 図を目視照合
エコム,6225,maintenance_backlog,2023,2022-08-01,2023-07-31,162,百万円,JPY,単体,実績,S3,PDF p.27（スライド26）/ 図を目視照合
エコム,6225,industrial_orders,2024,2023-08-01,2024-07-31,1168,百万円,JPY,単体,実績,S3,PDF p.27（スライド26）/ 図を目視照合
エコム,6225,industrial_backlog,2024,2023-08-01,2024-07-31,1009,百万円,JPY,単体,実績,S3,PDF p.27（スライド26）/ 図を目視照合
エコム,6225,maintenance_orders,2024,2023-08-01,2024-07-31,885,百万円,JPY,単体,実績,S3,PDF p.27（スライド26）/ 図を目視照合
エコム,6225,maintenance_backlog,2024,2023-08-01,2024-07-31,188,百万円,JPY,単体,実績,S3,PDF p.27（スライド26）/ 図を目視照合
エコム,6225,industrial_orders,2025,2024-08-01,2025-07-31,1562,百万円,JPY,単体,実績,S3,PDF p.27（スライド26）/ 図を目視照合
エコム,6225,industrial_backlog,2025,2024-08-01,2025-07-31,959,百万円,JPY,単体,実績,S3,PDF p.27（スライド26）/ 図を目視照合
エコム,6225,maintenance_orders,2025,2024-08-01,2025-07-31,1069,百万円,JPY,単体,実績,S3,PDF p.27（スライド26）/ 図を目視照合
エコム,6225,maintenance_backlog,2025,2024-08-01,2025-07-31,230,百万円,JPY,単体,実績,S3,PDF p.27（スライド26）/ 図を目視照合
エコム,6225,industrial_orders,2026,2025-08-01,2026-07-31,1817,百万円,JPY,単体,実績,S3,PDF p.27（スライド26）/ 図を目視照合
エコム,6225,industrial_backlog,2026,2025-08-01,2026-07-31,1171,百万円,JPY,単体,実績,S3,PDF p.27（スライド26）/ 図を目視照合
エコム,6225,maintenance_orders,2026,2025-08-01,2026-07-31,1077,百万円,JPY,単体,実績,S3,PDF p.27（スライド26）/ 図を目視照合
エコム,6225,maintenance_backlog,2026,2025-08-01,2026-07-31,249,百万円,JPY,単体,実績,S3,PDF p.27（スライド26）/ 図を目視照合
エコム,6225,revenue,2027,2026-08-01,2027-07-31,3000000,千円,JPY,連結,会社予想,S4,PDF p.1 / 連結予想
エコム,6225,operating_profit,2027,2026-08-01,2027-07-31,540000,千円,JPY,連結,会社予想,S4,PDF p.1 / 連結予想
エコム,6225,ordinary_profit,2027,2026-08-01,2027-07-31,558000,千円,JPY,連結,会社予想,S4,PDF p.1 / 連結予想
エコム,6225,net_profit,2027,2026-08-01,2027-07-31,362000,千円,JPY,連結,会社予想,S4,PDF p.1 / 連結予想
エコム,6225,revenue,2028,2027-08-01,2028-07-31,3290000,千円,JPY,連結,会社中期計画,S5,PDF p.2 / 会社の計画表
エコム,6225,operating_profit,2028,2027-08-01,2028-07-31,565000,千円,JPY,連結,会社中期計画,S5,PDF p.2 / 会社の計画表
エコム,6225,revenue,2029,2028-08-01,2029-07-31,3608000,千円,JPY,連結,会社中期計画,S5,PDF p.2 / 会社の計画表
エコム,6225,operating_profit,2029,2028-08-01,2029-07-31,630000,千円,JPY,連結,会社中期計画,S5,PDF p.2 / 会社の計画表
エコム,6225,revenue,2030,2029-08-01,2030-07-31,3958000,千円,JPY,連結,会社中期計画,S5,PDF p.2 / 会社の計画表
エコム,6225,operating_profit,2030,2029-08-01,2030-07-31,717000,千円,JPY,連結,会社中期計画,S5,PDF p.2 / 会社の計画表
エコム,6225,revenue,2031,2030-08-01,2031-07-31,4341000,千円,JPY,連結,会社中期計画,S5,PDF p.2 / 会社の計画表
エコム,6225,operating_profit,2031,2030-08-01,2031-07-31,809000,千円,JPY,連結,会社中期計画,S5,PDF p.2 / 会社の計画表
エコム,6225,dividend_per_share,2024,2023-08-01,2024-07-31,28,円,JPY,単体,公表配当,S3,PDF p.39
エコム,6225,dividend_per_share,2025,2024-08-01,2025-07-31,32,円,JPY,単体,公表配当,S2,PDF p.1
エコム,6225,dividend_per_share,2026,2025-08-01,2026-07-31,36,円,JPY,単体,公表配当,S2,PDF p.1
エコム,6225,dividend_per_share,2027,2026-08-01,2027-07-31,38,円,JPY,単体,会社予想,S2,PDF p.1
